loss,params,iteration,estimators,train_time
0.050385774185761734,"{'num_leaves': 126, 'boosting_type': 'goss', 'verbose': 1, 'reg_lambda': 0.5845451820124326, 'learning_rate': 0.018675872988718433, 'subsample': 1.0, 'colsample_bytree': 0.8604059584835744, 'metric': 'auc', 'class_weight': 'balanced', 'reg_alpha': 0.5985119228590867, 'min_child_samples': 170, 'subsample_for_bin': 300000}",1,43,2.6666868770262226
0.042969716204899866,"{'num_leaves': 138, 'boosting_type': 'gbdt', 'verbose': 1, 'reg_lambda': 0.45121616279208887, 'learning_rate': 0.035742378218536576, 'subsample': 0.6614743075688195, 'colsample_bytree': 0.8970523178797932, 'metric': 'auc', 'class_weight': 'balanced', 'reg_alpha': 0.5005020213127344, 'min_child_samples': 45, 'subsample_for_bin': 260000}",2,115,5.5752982730045915
0.05132584731746126,"{'num_leaves': 102, 'boosting_type': 'goss', 'verbose': 1, 'reg_lambda': 0.9836336562472392, 'learning_rate': 0.05565441586040854, 'subsample': 1.0, 'colsample_bytree': 0.8281037266643072, 'metric': 'auc', 'class_weight': 'balanced', 'reg_alpha': 0.8878029074840853, 'min_child_samples': 125, 'subsample_for_bin': 220000}",3,16,2.043890323024243
0.5,"{'num_leaves': 118, 'boosting_type': 'goss', 'verbose': 1, 'reg_lambda': 0.0627262749115356, 'learning_rate': 0.07866054762015, 'subsample': 1.0, 'colsample_bytree': 0.7422968998593449, 'metric': 'auc', 'class_weight': 'balanced', 'reg_alpha': 0.47827923423293384, 'min_child_samples': 415, 'subsample_for_bin': 140000}",4,1,1.540642975945957
0.06485055534198148,"{'num_leaves': 30, 'boosting_type': 'gbdt', 'verbose': 1, 'reg_lambda': 0.8946886330215067, 'learning_rate': 0.017934544496484815, 'subsample': 0.8731487506937664, 'colsample_bytree': 0.620649129448606, 'metric': 'auc', 'class_weight': None, 'reg_alpha': 0.2092981310373776, 'min_child_samples': 260, 'subsample_for_bin': 20000}",5,345,6.249770191963762
0.05474272035618166,"{'num_leaves': 44, 'boosting_type': 'dart', 'verbose': 1, 'reg_lambda': 0.43702345115978314, 'learning_rate': 0.08783831758750019, 'subsample': 0.9699110051642057, 'colsample_bytree': 0.6077910448089742, 'metric': 'auc', 'class_weight': 'balanced', 'reg_alpha': 0.16571225625681618, 'min_child_samples': 230, 'subsample_for_bin': 120000}",6,53,3.118746730964631
0.04852738266593959,"{'num_leaves': 112, 'boosting_type': 'dart', 'verbose': 1, 'reg_lambda': 0.37338116932867904, 'learning_rate': 0.019312347539552403, 'subsample': 0.8951244781172872, 'colsample_bytree': 0.8536451895837122, 'metric': 'auc', 'class_weight': None, 'reg_alpha': 0.7926928706035059, 'min_child_samples': 175, 'subsample_for_bin': 200000}",7,122,6.347020176937804
0.06335219737810649,"{'num_leaves': 66, 'boosting_type': 'goss', 'verbose': 1, 'reg_lambda': 0.7792709409751215, 'learning_rate': 0.09300560371484937, 'subsample': 1.0, 'colsample_bytree': 0.8906963579804155, 'metric': 'auc', 'class_weight': None, 'reg_alpha': 0.3479679339377224, 'min_child_samples': 175, 'subsample_for_bin': 100000}",8,9,1.5415854359744117
0.5,"{'num_leaves': 70, 'boosting_type': 'dart', 'verbose': 1, 'reg_lambda': 0.44076667329472063, 'learning_rate': 0.040118914534607024, 'subsample': 0.9985285847190133, 'colsample_bytree': 0.6673076386901536, 'metric': 'auc', 'class_weight': None, 'reg_alpha': 0.8695100073452218, 'min_child_samples': 475, 'subsample_for_bin': 160000}",9,1,1.3316820870386437
0.5,"{'num_leaves': 34, 'boosting_type': 'gbdt', 'verbose': 1, 'reg_lambda': 0.5520827853417427, 'learning_rate': 0.017532163285674928, 'subsample': 0.5140566400846498, 'colsample_bytree': 0.7326787636533016, 'metric': 'auc', 'class_weight': 'balanced', 'reg_alpha': 0.78739503162987, 'min_child_samples': 420, 'subsample_for_bin': 220000}",10,1,1.244042424019426
0.5,"{'num_leaves': 132, 'boosting_type': 'gbdt', 'verbose': 1, 'reg_lambda': 0.7234573267040174, 'learning_rate': 0.048936410244575575, 'subsample': 0.5211750033711255, 'colsample_bytree': 0.7878722696495764, 'metric': 'auc', 'class_weight': 'balanced', 'reg_alpha': 0.17616663325172033, 'min_child_samples': 410, 'subsample_for_bin': 180000}",11,1,1.18818653607741
0.5,"{'num_leaves': 45, 'boosting_type': 'dart', 'verbose': 1, 'reg_lambda': 0.01708657132205149, 'learning_rate': 0.19551187838964745, 'subsample': 0.5170383307975128, 'colsample_bytree': 0.880683867295047, 'metric': 'auc', 'class_weight': None, 'reg_alpha': 0.2878847550683644, 'min_child_samples': 435, 'subsample_for_bin': 240000}",12,1,1.182775662979111
0.04363107531015409,"{'num_leaves': 61, 'boosting_type': 'dart', 'verbose': 1, 'reg_lambda': 0.23383881520136884, 'learning_rate': 0.055447027994085955, 'subsample': 0.895813092308513, 'colsample_bytree': 0.890014582561619, 'metric': 'auc', 'class_weight': None, 'reg_alpha': 0.9748302452710026, 'min_child_samples': 65, 'subsample_for_bin': 40000}",13,115,7.002847861964256
0.05737310726280609,"{'num_leaves': 102, 'boosting_type': 'dart', 'verbose': 1, 'reg_lambda': 0.6896940625642513, 'learning_rate': 0.019199675385015214, 'subsample': 0.7560708555481161, 'colsample_bytree': 0.9124225863241522, 'metric': 'auc', 'class_weight': 'balanced', 'reg_alpha': 0.1916434813532829, 'min_child_samples': 225, 'subsample_for_bin': 200000}",14,186,6.755977908032946
0.055057754374044476,"{'num_leaves': 70, 'boosting_type': 'gbdt', 'verbose': 1, 'reg_lambda': 0.45276116373350317, 'learning_rate': 0.03565154266775181, 'subsample': 0.7661806376140439, 'colsample_bytree': 0.6220082377595529, 'metric': 'auc', 'class_weight': None, 'reg_alpha': 0.41007410794253185, 'min_child_samples': 225, 'subsample_for_bin': 280000}",15,87,2.882844023988582
0.5,"{'num_leaves': 117, 'boosting_type': 'dart', 'verbose': 1, 'reg_lambda': 0.7063665010867298, 'learning_rate': 0.17232942613953312, 'subsample': 0.905149067692514, 'colsample_bytree': 0.6826115664358082, 'metric': 'auc', 'class_weight': None, 'reg_alpha': 0.010598426894564361, 'min_child_samples': 485, 'subsample_for_bin': 120000}",16,1,1.3191857490455732
0.04473918893547757,"{'num_leaves': 114, 'boosting_type': 'goss', 'verbose': 1, 'reg_lambda': 0.5773835691302064, 'learning_rate': 0.011767912024933956, 'subsample': 1.0, 'colsample_bytree': 0.853102917239426, 'metric': 'auc', 'class_weight': None, 'reg_alpha': 0.3369787449812449, 'min_child_samples': 110, 'subsample_for_bin': 40000}",17,50,2.604544428992085
0.0466897028540435,"{'num_leaves': 67, 'boosting_type': 'gbdt', 'verbose': 1, 'reg_lambda': 0.9616204046171472, 'learning_rate': 0.03598378193909862, 'subsample': 0.5253657477796922, 'colsample_bytree': 0.7706879189819607, 'metric': 'auc', 'class_weight': 'balanced', 'reg_alpha': 0.9645612747608906, 'min_child_samples': 135, 'subsample_for_bin': 60000}",18,135,4.384936451097019
0.30065100325129124,"{'num_leaves': 112, 'boosting_type': 'dart', 'verbose': 1, 'reg_lambda': 0.09460288039448272, 'learning_rate': 0.10875645732896141, 'subsample': 0.7153773885862027, 'colsample_bytree': 0.8464791720356762, 'metric': 'auc', 'class_weight': 'balanced', 'reg_alpha': 0.002436386070584051, 'min_child_samples': 380, 'subsample_for_bin': 180000}",19,54,3.406492633977905
0.04667189674543093,"{'num_leaves': 66, 'boosting_type': 'goss', 'verbose': 1, 'reg_lambda': 0.5854944753883532, 'learning_rate': 0.06644368221542607, 'subsample': 1.0, 'colsample_bytree': 0.6048404419661536, 'metric': 'auc', 'class_weight': None, 'reg_alpha': 0.776616518870496, 'min_child_samples': 85, 'subsample_for_bin': 300000}",20,10,1.8818883830681443
0.04413106189969562,"{'num_leaves': 146, 'boosting_type': 'gbdt', 'verbose': 1, 'reg_lambda': 0.2653362511518287, 'learning_rate': 0.026033024221030696, 'subsample': 0.6786886701166054, 'colsample_bytree': 0.9838599975867146, 'metric': 'auc', 'class_weight': None, 'reg_alpha': 0.6155821240075453, 'min_child_samples': 45, 'subsample_for_bin': 260000}",21,189,7.229927912005223
0.043790510759657786,"{'num_leaves': 84, 'boosting_type': 'gbdt', 'verbose': 1, 'reg_lambda': 0.1977482719197018, 'learning_rate': 0.13826938818627302, 'subsample': 0.6844436456398968, 'colsample_bytree': 0.972718346409936, 'metric': 'auc', 'class_weight': 'balanced', 'reg_alpha': 0.6537399155925585, 'min_child_samples': 55, 'subsample_for_bin': 80000}",22,45,3.50501919107046
0.0447662333598563,"{'num_leaves': 150, 'boosting_type': 'dart', 'verbose': 1, 'reg_lambda': 0.2963458636251167, 'learning_rate': 0.030989483339078465, 'subsample': 0.5409169697481263, 'colsample_bytree': 0.9338454084190876, 'metric': 'auc', 'class_weight': 'balanced', 'reg_alpha': 0.9974423315390475, 'min_child_samples': 25, 'subsample_for_bin': 20000}",23,144,8.185193024924956
0.06886564657780014,"{'num_leaves': 53, 'boosting_type': 'gbdt', 'verbose': 1, 'reg_lambda': 0.1601769534926103, 'learning_rate': 0.057649594530696444, 'subsample': 0.953726425384128, 'colsample_bytree': 0.9410865890609843, 'metric': 'auc', 'class_weight': None, 'reg_alpha': 0.5380591484168241, 'min_child_samples': 290, 'subsample_for_bin': 260000}",24,147,3.5000365059822798
0.07725124344750112,"{'num_leaves': 84, 'boosting_type': 'gbdt', 'verbose': 1, 'reg_lambda': 0.3253213541180374, 'learning_rate': 0.028051776601771435, 'subsample': 0.8232886095833919, 'colsample_bytree': 0.8205910804841766, 'metric': 'auc', 'class_weight': 'balanced', 'reg_alpha': 0.6810345998049265, 'min_child_samples': 325, 'subsample_for_bin': 60000}",25,560,9.596025877981447
0.045416342580589464,"{'num_leaves': 143, 'boosting_type': 'dart', 'verbose': 1, 'reg_lambda': 0.20823663192987935, 'learning_rate': 0.012886603038685456, 'subsample': 0.7338354536040269, 'colsample_bytree': 0.954781155080257, 'metric': 'auc', 'class_weight': None, 'reg_alpha': 0.07791014578164007, 'min_child_samples': 70, 'subsample_for_bin': 140000}",26,289,12.505973294028081
0.04642793815692625,"{'num_leaves': 54, 'boosting_type': 'dart', 'verbose': 1, 'reg_lambda': 0.38554513803698165, 'learning_rate': 0.04883445542577015, 'subsample': 0.6242038302153797, 'colsample_bytree': 0.903427019897958, 'metric': 'auc', 'class_weight': None, 'reg_alpha': 0.4804353375196302, 'min_child_samples': 105, 'subsample_for_bin': 280000}",27,19,2.6848650039173663
0.04605151404075003,"{'num_leaves': 98, 'boosting_type': 'gbdt', 'verbose': 1, 'reg_lambda': 0.12113196990544259, 'learning_rate': 0.02447490411999753, 'subsample': 0.6259694183366933, 'colsample_bytree': 0.9924775987893661, 'metric': 'auc', 'class_weight': 'balanced', 'reg_alpha': 0.7101079494659993, 'min_child_samples': 20, 'subsample_for_bin': 80000}",28,111,5.860549547942355
0.046421717194293555,"{'num_leaves': 136, 'boosting_type': 'gbdt', 'verbose': 1, 'reg_lambda': 0.5134390855142448, 'learning_rate': 0.06757012892947024, 'subsample': 0.9755776783805412, 'colsample_bytree': 0.9181531679417774, 'metric': 'auc', 'class_weight': 'balanced', 'reg_alpha': 0.5559184519787714, 'min_child_samples': 25, 'subsample_for_bin': 160000}",29,44,4.187214318080805
0.04273927982858439,"{'num_leaves': 79, 'boosting_type': 'dart', 'verbose': 1, 'reg_lambda': 0.2486632908443611, 'learning_rate': 0.1311911182139451, 'subsample': 0.828107015832206, 'colsample_bytree': 0.8709887971173338, 'metric': 'auc', 'class_weight': None, 'reg_alpha': 0.9399476273147975, 'min_child_samples': 145, 'subsample_for_bin': 240000}",30,444,17.242776094004512
0.05314072935012926,"{'num_leaves': 82, 'boosting_type': 'goss', 'verbose': 1, 'reg_lambda': 0.6339114044086129, 'learning_rate': 0.12173416870524764, 'subsample': 1.0, 'colsample_bytree': 0.8241931410125172, 'metric': 'auc', 'class_weight': 'balanced', 'reg_alpha': 0.8693635683766011, 'min_child_samples': 150, 'subsample_for_bin': 300000}",31,8,1.6190161829581484
0.04782556867793741,"{'num_leaves': 93, 'boosting_type': 'gbdt', 'verbose': 1, 'reg_lambda': 0.02787353994197278, 'learning_rate': 0.13530799785675854, 'subsample': 0.6006836918537491, 'colsample_bytree': 0.7973011109857753, 'metric': 'auc', 'class_weight': 'balanced', 'reg_alpha': 0.4046054843302629, 'min_child_samples': 195, 'subsample_for_bin': 240000}",32,65,2.8354281769134104
0.046851522385035205,"{'num_leaves': 125, 'boosting_type': 'goss', 'verbose': 1, 'reg_lambda': 0.3513733374533653, 'learning_rate': 0.19480410480404248, 'subsample': 1.0, 'colsample_bytree': 0.7444024411111232, 'metric': 'auc', 'class_weight': None, 'reg_alpha': 0.7188768113183435, 'min_child_samples': 100, 'subsample_for_bin': 240000}",33,4,1.7677993549732491
0.05004283896423567,"{'num_leaves': 78, 'boosting_type': 'dart', 'verbose': 1, 'reg_lambda': 0.7810949676655445, 'learning_rate': 0.014683778674737129, 'subsample': 0.8308394027474649, 'colsample_bytree': 0.9549962687974356, 'metric': 'auc', 'class_weight': 'balanced', 'reg_alpha': 0.9168989276502553, 'min_child_samples': 145, 'subsample_for_bin': 280000}",34,94,4.460840537911281
0.06980165932071558,"{'num_leaves': 95, 'boosting_type': 'gbdt', 'verbose': 1, 'reg_lambda': 0.48033764302086357, 'learning_rate': 0.02255964167299949, 'subsample': 0.8893952439298666, 'colsample_bytree': 0.8678633100728091, 'metric': 'auc', 'class_weight': 'balanced', 'reg_alpha': 0.109832299159704, 'min_child_samples': 265, 'subsample_for_bin': 220000}",35,246,4.798567233956419
0.0473397375722302,"{'num_leaves': 125, 'boosting_type': 'dart', 'verbose': 1, 'reg_lambda': 0.40876558857194045, 'learning_rate': 0.08607802601328439, 'subsample': 0.6224011281698024, 'colsample_bytree': 0.8340814014360378, 'metric': 'auc', 'class_weight': None, 'reg_alpha': 0.23784368650238352, 'min_child_samples': 200, 'subsample_for_bin': 260000}",36,100,4.562594215967692
0.09799062906970168,"{'num_leaves': 104, 'boosting_type': 'goss', 'verbose': 1, 'reg_lambda': 0.31307258612795663, 'learning_rate': 0.07170135142380656, 'subsample': 1.0, 'colsample_bytree': 0.7593732441510045, 'metric': 'auc', 'class_weight': None, 'reg_alpha': 0.4430881904889035, 'min_child_samples': 315, 'subsample_for_bin': 200000}",37,13,1.7276201290078461
0.05087235031693371,"{'num_leaves': 74, 'boosting_type': 'dart', 'verbose': 1, 'reg_lambda': 0.5159680279707669, 'learning_rate': 0.09725238957762143, 'subsample': 0.8117643395154815, 'colsample_bytree': 0.7060337306307376, 'metric': 'auc', 'class_weight': 'balanced', 'reg_alpha': 0.5947952540666654, 'min_child_samples': 165, 'subsample_for_bin': 220000}",38,23,2.6803259269800037
0.047777514535446874,"{'num_leaves': 106, 'boosting_type': 'gbdt', 'verbose': 1, 'reg_lambda': 0.8049802381565203, 'learning_rate': 0.16023928330499626, 'subsample': 0.7606226622082828, 'colsample_bytree': 0.8717422757634604, 'metric': 'auc', 'class_weight': None, 'reg_alpha': 0.8343269934902302, 'min_child_samples': 195, 'subsample_for_bin': 180000}",39,142,4.326031279982999
0.043774567214707405,"{'num_leaves': 88, 'boosting_type': 'dart', 'verbose': 1, 'reg_lambda': 0.15246218090209185, 'learning_rate': 0.03985205638333643, 'subsample': 0.6480334902769176, 'colsample_bytree': 0.8117989044040086, 'metric': 'auc', 'class_weight': 'balanced', 'reg_alpha': 0.9265900849081525, 'min_child_samples': 125, 'subsample_for_bin': 280000}",40,623,26.202810607035644
0.044230597301816,"{'num_leaves': 43, 'boosting_type': 'goss', 'verbose': 1, 'reg_lambda': 0.8610765653882214, 'learning_rate': 0.031399727345341216, 'subsample': 1.0, 'colsample_bytree': 0.7807848146920614, 'metric': 'auc', 'class_weight': None, 'reg_alpha': 0.3167148152803282, 'min_child_samples': 80, 'subsample_for_bin': 240000}",41,31,2.33515369403176
0.04419602812024104,"{'num_leaves': 59, 'boosting_type': 'gbdt', 'verbose': 1, 'reg_lambda': 0.6468688329056489, 'learning_rate': 0.021496388769698085, 'subsample': 0.5719394112045185, 'colsample_bytree': 0.9242896701411731, 'metric': 'auc', 'class_weight': 'balanced', 'reg_alpha': 0.5120471541594622, 'min_child_samples': 45, 'subsample_for_bin': 300000}",42,123,5.846923723933287
0.04938658328341661,"{'num_leaves': 35, 'boosting_type': 'dart', 'verbose': 1, 'reg_lambda': 0.26197979321757126, 'learning_rate': 0.056987534025005435, 'subsample': 0.956672712198189, 'colsample_bytree': 0.8946039733975492, 'metric': 'auc', 'class_weight': None, 'reg_alpha': 0.07680722706007753, 'min_child_samples': 165, 'subsample_for_bin': 200000}",43,26,2.6461983430199325
0.061348786651527876,"{'num_leaves': 132, 'boosting_type': 'gbdt', 'verbose': 1, 'reg_lambda': 0.06116881789633319, 'learning_rate': 0.010048766418348598, 'subsample': 0.6874765279319863, 'colsample_bytree': 0.9995762246491647, 'metric': 'auc', 'class_weight': 'balanced', 'reg_alpha': 0.8274803935325872, 'min_child_samples': 245, 'subsample_for_bin': 140000}",44,334,7.652849537902512
0.07207353997359633,"{'num_leaves': 122, 'boosting_type': 'dart', 'verbose': 1, 'reg_lambda': 0.424238220987207, 'learning_rate': 0.01603673336838563, 'subsample': 0.8187587121273575, 'colsample_bytree': 0.8407258853124484, 'metric': 'auc', 'class_weight': None, 'reg_alpha': 0.2517742250908499, 'min_child_samples': 275, 'subsample_for_bin': 260000}",45,585,22.263017916004173
0.11882228609573864,"{'num_leaves': 138, 'boosting_type': 'dart', 'verbose': 1, 'reg_lambda': 0.3670252267514609, 'learning_rate': 0.04478948939491185, 'subsample': 0.6800992416458873, 'colsample_bytree': 0.9635687378366228, 'metric': 'auc', 'class_weight': None, 'reg_alpha': 0.7465054034847524, 'min_child_samples': 360, 'subsample_for_bin': 220000}",46,22,2.7861280830111355
0.04627315911657859,"{'num_leaves': 108, 'boosting_type': 'gbdt', 'verbose': 1, 'reg_lambda': 0.4663567822841215, 'learning_rate': 0.07556321538453187, 'subsample': 0.8175374105925669, 'colsample_bytree': 0.6374327001837072, 'metric': 'auc', 'class_weight': 'balanced', 'reg_alpha': 0.38273857075711, 'min_child_samples': 120, 'subsample_for_bin': 160000}",47,73,3.5366561700357124
0.048543214457070105,"{'num_leaves': 76, 'boosting_type': 'goss', 'verbose': 1, 'reg_lambda': 0.626741518750325, 'learning_rate': 0.10507473150857691, 'subsample': 1.0, 'colsample_bytree': 0.719017285955591, 'metric': 'auc', 'class_weight': None, 'reg_alpha': 0.6256946529139968, 'min_child_samples': 85, 'subsample_for_bin': 120000}",48,9,1.9009703320916742
0.060695622826388074,"{'num_leaves': 99, 'boosting_type': 'dart', 'verbose': 1, 'reg_lambda': 0.5475737070568978, 'learning_rate': 0.084044354595851, 'subsample': 0.7932505952272297, 'colsample_bytree': 0.8790938236651534, 'metric': 'auc', 'class_weight': 'balanced', 'reg_alpha': 0.45006938764977633, 'min_child_samples': 245, 'subsample_for_bin': 180000}",49,183,6.540934821008705
0.0499818213786547,"{'num_leaves': 91, 'boosting_type': 'gbdt', 'verbose': 1, 'reg_lambda': 0.9770565838583168, 'learning_rate': 0.03804525932295204, 'subsample': 0.9055079402082874, 'colsample_bytree': 0.8063776948959951, 'metric': 'auc', 'class_weight': None, 'reg_alpha': 0.12435629959950523, 'min_child_samples': 215, 'subsample_for_bin': 200000}",50,71,2.6663718710187823
0.04836113023343136,"{'num_leaves': 120, 'boosting_type': 'dart', 'verbose': 1, 'reg_lambda': 0.251343709132884, 'learning_rate': 0.0616594299806983, 'subsample': 0.5692697402764271, 'colsample_bytree': 0.8533370548783793, 'metric': 'auc', 'class_weight': 'balanced', 'reg_alpha': 0.9312229859908981, 'min_child_samples': 180, 'subsample_for_bin': 280000}",51,17,2.4396287030540407
0.05141774620856554,"{'num_leaves': 46, 'boosting_type': 'goss', 'verbose': 1, 'reg_lambda': 0.18775910679875096, 'learning_rate': 0.0461195189757292, 'subsample': 1.0, 'colsample_bytree': 0.9349032493288435, 'metric': 'auc', 'class_weight': None, 'reg_alpha': 0.5818011047102544, 'min_child_samples': 145, 'subsample_for_bin': 240000}",52,11,1.6905728089623153
0.5,"{'num_leaves': 60, 'boosting_type': 'gbdt', 'verbose': 1, 'reg_lambda': 0.10534781165762941, 'learning_rate': 0.05179569656500866, 'subsample': 0.7267591397701547, 'colsample_bytree': 0.8979514025102047, 'metric': 'auc', 'class_weight': 'balanced', 'reg_alpha': 0.28010349800995676, 'min_child_samples': 465, 'subsample_for_bin': 300000}",53,1,1.6667410939699039
0.08407958809032079,"{'num_leaves': 70, 'boosting_type': 'dart', 'verbose': 1, 'reg_lambda': 0.29889076522680924, 'learning_rate': 0.03036537034656992, 'subsample': 0.9319739084829302, 'colsample_bytree': 0.8631308424176447, 'metric': 'auc', 'class_weight': None, 'reg_alpha': 0.9907846744366401, 'min_child_samples': 305, 'subsample_for_bin': 220000}",54,348,11.883303512004204
0.04600241686260842,"{'num_leaves': 110, 'boosting_type': 'gbdt', 'verbose': 1, 'reg_lambda': 0.6902058515744663, 'learning_rate': 0.16292749542414006, 'subsample': 0.6412482131318261, 'colsample_bytree': 0.9772658238293992, 'metric': 'auc', 'class_weight': 'balanced', 'reg_alpha': 0.6522291960273275, 'min_child_samples': 35, 'subsample_for_bin': 260000}",55,23,3.3777406139997765
0.044177849498895805,"{'num_leaves': 115, 'boosting_type': 'dart', 'verbose': 1, 'reg_lambda': 0.9142172378100673, 'learning_rate': 0.034015458709843974, 'subsample': 0.8678511095610599, 'colsample_bytree': 0.9088989305467488, 'metric': 'auc', 'class_weight': None, 'reg_alpha': 0.7666891955406916, 'min_child_samples': 60, 'subsample_for_bin': 100000}",56,197,8.448188513983041
0.04375311048131625,"{'num_leaves': 131, 'boosting_type': 'gbdt', 'verbose': 1, 'reg_lambda': 0.34207222124499, 'learning_rate': 0.021342141182246237, 'subsample': 0.8172514626637009, 'colsample_bytree': 0.6860077403421156, 'metric': 'auc', 'class_weight': 'balanced', 'reg_alpha': 0.8065554314886842, 'min_child_samples': 95, 'subsample_for_bin': 180000}",57,144,5.266146335983649
0.1102810161551322,"{'num_leaves': 150, 'boosting_type': 'goss', 'verbose': 1, 'reg_lambda': 0.40511462071101867, 'learning_rate': 0.0412120627538983, 'subsample': 1.0, 'colsample_bytree': 0.757995727840721, 'metric': 'auc', 'class_weight': None, 'reg_alpha': 0.8779785810623273, 'min_child_samples': 350, 'subsample_for_bin': 280000}",58,21,2.069147943984717
0.04431649873792698,"{'num_leaves': 54, 'boosting_type': 'dart', 'verbose': 1, 'reg_lambda': 0.7497810092571966, 'learning_rate': 0.01035421998498329, 'subsample': 0.5645734738481767, 'colsample_bytree': 0.7924873092338482, 'metric': 'auc', 'class_weight': 'balanced', 'reg_alpha': 0.03812631335462241, 'min_child_samples': 115, 'subsample_for_bin': 260000}",59,290,11.182711979956366
0.052054668478568544,"{'num_leaves': 87, 'boosting_type': 'gbdt', 'verbose': 1, 'reg_lambda': 0.5898638097247919, 'learning_rate': 0.19995204932145758, 'subsample': 0.5841127429475126, 'colsample_bytree': 0.9478447848002892, 'metric': 'auc', 'class_weight': None, 'reg_alpha': 0.5211880004270577, 'min_child_samples': 210, 'subsample_for_bin': 200000}",60,16,1.964325124048628
0.05108017517038732,"{'num_leaves': 80, 'boosting_type': 'dart', 'verbose': 1, 'reg_lambda': 0.22007124246947707, 'learning_rate': 0.12588069034666374, 'subsample': 0.6893315559739586, 'colsample_bytree': 0.8861675824389253, 'metric': 'auc', 'class_weight': 'balanced', 'reg_alpha': 0.3722548310195419, 'min_child_samples': 180, 'subsample_for_bin': 240000}",61,34,2.7887569069862366
0.057686539475919174,"{'num_leaves': 64, 'boosting_type': 'gbdt', 'verbose': 1, 'reg_lambda': 0.0030439565660941026, 'learning_rate': 0.025362750976969748, 'subsample': 0.9346061219223396, 'colsample_bytree': 0.9198937062490583, 'metric': 'auc', 'class_weight': None, 'reg_alpha': 0.7322985152716244, 'min_child_samples': 240, 'subsample_for_bin': 160000}",62,152,3.8882323369616643
0.05217249425585391,"{'num_leaves': 73, 'boosting_type': 'goss', 'verbose': 1, 'reg_lambda': 0.04108573642285179, 'learning_rate': 0.01834432108066571, 'subsample': 1.0, 'colsample_bytree': 0.7753239542763931, 'metric': 'auc', 'class_weight': 'balanced', 'reg_alpha': 0.32448016268194835, 'min_child_samples': 130, 'subsample_for_bin': 300000}",63,25,2.0752738879527897
0.04439077777678446,"{'num_leaves': 145, 'boosting_type': 'gbdt', 'verbose': 1, 'reg_lambda': 0.15672330261666248, 'learning_rate': 0.012949409941519528, 'subsample': 0.7295609302891758, 'colsample_bytree': 0.8356970218400356, 'metric': 'auc', 'class_weight': None, 'reg_alpha': 0.15976310201778043, 'min_child_samples': 70, 'subsample_for_bin': 140000}",64,136,5.67148623696994
0.04090741121531549,"{'num_leaves': 33, 'boosting_type': 'dart', 'verbose': 1, 'reg_lambda': 0.5451656166919543, 'learning_rate': 0.06261262721689648, 'subsample': 0.7723562674053982, 'colsample_bytree': 0.8172543018614673, 'metric': 'auc', 'class_weight': 'balanced', 'reg_alpha': 0.6856738380159983, 'min_child_samples': 40, 'subsample_for_bin': 220000}",65,60,4.742170099983923
0.04274367547882785,"{'num_leaves': 31, 'boosting_type': 'dart', 'verbose': 1, 'reg_lambda': 0.5348155389671558, 'learning_rate': 0.06476424086564231, 'subsample': 0.7718377309500782, 'colsample_bytree': 0.8214208246094582, 'metric': 'auc', 'class_weight': 'balanced', 'reg_alpha': 0.6891936104916673, 'min_child_samples': 20, 'subsample_for_bin': 220000}",66,61,5.6442334649618715
0.039743457931392,"{'num_leaves': 34, 'boosting_type': 'dart', 'verbose': 1, 'reg_lambda': 0.5384509305687899, 'learning_rate': 0.11167440404015869, 'subsample': 0.781905060277831, 'colsample_bytree': 0.7420546260261344, 'metric': 'auc', 'class_weight': 'balanced', 'reg_alpha': 0.6904356811773875, 'min_child_samples': 35, 'subsample_for_bin': 200000}",67,165,9.318278249003924
0.041339376979905196,"{'num_leaves': 39, 'boosting_type': 'dart', 'verbose': 1, 'reg_lambda': 0.4788282960296139, 'learning_rate': 0.11725870512670179, 'subsample': 0.8474857421532361, 'colsample_bytree': 0.7211223647403566, 'metric': 'auc', 'class_weight': 'balanced', 'reg_alpha': 0.5572721166909294, 'min_child_samples': 35, 'subsample_for_bin': 180000}",68,66,4.975251566967927
0.03894389660238606,"{'num_leaves': 39, 'boosting_type': 'dart', 'verbose': 1, 'reg_lambda': 0.48985686251397775, 'learning_rate': 0.1146587556756311, 'subsample': 0.8586479934826615, 'colsample_bytree': 0.6713847627500364, 'metric': 'auc', 'class_weight': 'balanced', 'reg_alpha': 0.5501863594110035, 'min_child_samples': 50, 'subsample_for_bin': 180000}",69,143,8.349541402072646
0.0401446541442787,"{'num_leaves': 50, 'boosting_type': 'dart', 'verbose': 1, 'reg_lambda': 0.6114054317812219, 'learning_rate': 0.14861645478528246, 'subsample': 0.7792266036976104, 'colsample_bytree': 0.6473856630986494, 'metric': 'auc', 'class_weight': 'balanced', 'reg_alpha': 0.653305230976633, 'min_child_samples': 55, 'subsample_for_bin': 140000}",70,110,5.992745070019737
0.038931231169481384,"{'num_leaves': 50, 'boosting_type': 'dart', 'verbose': 1, 'reg_lambda': 0.8246424665542499, 'learning_rate': 0.14734956297109048, 'subsample': 0.8767661931892884, 'colsample_bytree': 0.6555206145275361, 'metric': 'auc', 'class_weight': 'balanced', 'reg_alpha': 0.635793873420561, 'min_child_samples': 55, 'subsample_for_bin': 100000}",71,95,5.663856509956531
0.04428237657163103,"{'num_leaves': 40, 'boosting_type': 'dart', 'verbose': 1, 'reg_lambda': 0.833674238768304, 'learning_rate': 0.18005751018712485, 'subsample': 0.9843036650200347, 'colsample_bytree': 0.6661680802986955, 'metric': 'auc', 'class_weight': 'balanced', 'reg_alpha': 0.47728336922246206, 'min_child_samples': 95, 'subsample_for_bin': 80000}",72,39,3.5734282159246504
0.04139756346871937,"{'num_leaves': 50, 'boosting_type': 'dart', 'verbose': 1, 'reg_lambda': 0.6685159902694153, 'learning_rate': 0.0987232790548388, 'subsample': 0.8654053616027679, 'colsample_bytree': 0.6182953503414301, 'metric': 'auc', 'class_weight': 'balanced', 'reg_alpha': 0.6208668536727532, 'min_child_samples': 75, 'subsample_for_bin': 120000}",73,129,6.325369096011855
0.04038537187201052,"{'num_leaves': 37, 'boosting_type': 'dart', 'verbose': 1, 'reg_lambda': 0.7307547052553282, 'learning_rate': 0.1156297440565144, 'subsample': 0.9433493857838773, 'colsample_bytree': 0.686083269016341, 'metric': 'auc', 'class_weight': 'balanced', 'reg_alpha': 0.572333326935446, 'min_child_samples': 55, 'subsample_for_bin': 100000}",74,97,5.439347290899605
0.04337262597635583,"{'num_leaves': 30, 'boosting_type': 'dart', 'verbose': 1, 'reg_lambda': 0.9423184414057914, 'learning_rate': 0.14447668386934368, 'subsample': 0.8762419981886467, 'colsample_bytree': 0.6698323023758589, 'metric': 'auc', 'class_weight': 'balanced', 'reg_alpha': 0.4305612898484973, 'min_child_samples': 20, 'subsample_for_bin': 60000}",75,134,8.653388210921548
0.5,"{'num_leaves': 47, 'boosting_type': 'dart', 'verbose': 1, 'reg_lambda': 0.7781462079542228, 'learning_rate': 0.091082056207518, 'subsample': 0.915118433989514, 'colsample_bytree': 0.7020818573664517, 'metric': 'auc', 'class_weight': 'balanced', 'reg_alpha': 0.4923683335208624, 'min_child_samples': 400, 'subsample_for_bin': 40000}",76,1,1.4425671299686655
0.0455915353186771,"{'num_leaves': 42, 'boosting_type': 'dart', 'verbose': 1, 'reg_lambda': 0.8642021940637612, 'learning_rate': 0.18510995490387175, 'subsample': 0.7307565978658433, 'colsample_bytree': 0.6461342072518493, 'metric': 'auc', 'class_weight': 'balanced', 'reg_alpha': 0.8495992579638736, 'min_child_samples': 160, 'subsample_for_bin': 160000}",77,316,11.726252801017836
0.04386493880360831,"{'num_leaves': 35, 'boosting_type': 'dart', 'verbose': 1, 'reg_lambda': 0.5757816792785406, 'learning_rate': 0.079451759861894, 'subsample': 0.884137335157084, 'colsample_bytree': 0.7401884102034437, 'metric': 'auc', 'class_weight': 'balanced', 'reg_alpha': 0.4639173054319732, 'min_child_samples': 110, 'subsample_for_bin': 100000}",78,17,2.7239609019597992
0.042545424202599214,"{'num_leaves': 57, 'boosting_type': 'dart', 'verbose': 1, 'reg_lambda': 0.6643260915754539, 'learning_rate': 0.15556092484650982, 'subsample': 0.9204617291050391, 'colsample_bytree': 0.6053406972681238, 'metric': 'auc', 'class_weight': 'balanced', 'reg_alpha': 0.7626620796534067, 'min_child_samples': 90, 'subsample_for_bin': 120000}",79,18,2.831770090968348
0.04326333074064481,"{'num_leaves': 63, 'boosting_type': 'dart', 'verbose': 1, 'reg_lambda': 0.4412180002082664, 'learning_rate': 0.10299295880631924, 'subsample': 0.9979201045516639, 'colsample_bytree': 0.6994381311740469, 'metric': 'auc', 'class_weight': 'balanced', 'reg_alpha': 0.533558537825985, 'min_child_samples': 30, 'subsample_for_bin': 80000}",80,67,5.3350473180180416
0.5,"{'num_leaves': 51, 'boosting_type': 'dart', 'verbose': 1, 'reg_lambda': 0.9979844514954784, 'learning_rate': 0.1132328461797228, 'subsample': 0.8510771530721274, 'colsample_bytree': 0.6595735044054839, 'metric': 'auc', 'class_weight': 'balanced', 'reg_alpha': 0.806872052548544, 'min_child_samples': 440, 'subsample_for_bin': 60000}",81,1,1.540259386994876
0.04352394064829146,"{'num_leaves': 58, 'boosting_type': 'dart', 'verbose': 1, 'reg_lambda': 0.5031700542459726, 'learning_rate': 0.17085826060032552, 'subsample': 0.8017955925094508, 'colsample_bytree': 0.7164768580824961, 'metric': 'auc', 'class_weight': 'balanced', 'reg_alpha': 0.7008109862572213, 'min_child_samples': 135, 'subsample_for_bin': 140000}",82,192,7.426618110039271
0.04088990311688856,"{'num_leaves': 48, 'boosting_type': 'dart', 'verbose': 1, 'reg_lambda': 0.3908944895756221, 'learning_rate': 0.1342324269108874, 'subsample': 0.7428419063997841, 'colsample_bytree': 0.6276039852356521, 'metric': 'auc', 'class_weight': 'balanced', 'reg_alpha': 0.6630761156418743, 'min_child_samples': 65, 'subsample_for_bin': 180000}",83,135,6.586702610948123
0.040262070157558005,"{'num_leaves': 43, 'boosting_type': 'dart', 'verbose': 1, 'reg_lambda': 0.7144802466596305, 'learning_rate': 0.07525152892257267, 'subsample': 0.9026390279695278, 'colsample_bytree': 0.7531150871596571, 'metric': 'auc', 'class_weight': 'balanced', 'reg_alpha': 0.5959219485028909, 'min_child_samples': 45, 'subsample_for_bin': 20000}",84,201,10.029281071969308
0.04604786341597156,"{'num_leaves': 68, 'boosting_type': 'dart', 'verbose': 1, 'reg_lambda': 0.8136294848977303, 'learning_rate': 0.12740592788598934, 'subsample': 0.6984621425936226, 'colsample_bytree': 0.7295770680526339, 'metric': 'auc', 'class_weight': 'balanced', 'reg_alpha': 0.7326203416242277, 'min_child_samples': 155, 'subsample_for_bin': 200000}",85,97,4.87087449291721
0.04753471073641313,"{'num_leaves': 32, 'boosting_type': 'goss', 'verbose': 1, 'reg_lambda': 0.8921592758329929, 'learning_rate': 0.07009439103468204, 'subsample': 1.0, 'colsample_bytree': 0.6955563387031591, 'metric': 'auc', 'class_weight': 'balanced', 'reg_alpha': 0.6295326927365038, 'min_child_samples': 80, 'subsample_for_bin': 160000}",86,14,2.0553030910668895
0.5,"{'num_leaves': 56, 'boosting_type': 'dart', 'verbose': 1, 'reg_lambda': 0.7386109815429498, 'learning_rate': 0.05315758762322624, 'subsample': 0.8405901257773394, 'colsample_bytree': 0.6779261629164728, 'metric': 'auc', 'class_weight': 'balanced', 'reg_alpha': 0.9010161785579918, 'min_child_samples': 495, 'subsample_for_bin': 120000}",87,1,1.5503434949787334
0.04595663504778591,"{'num_leaves': 38, 'boosting_type': 'dart', 'verbose': 1, 'reg_lambda': 0.759506460038501, 'learning_rate': 0.0821304138123717, 'subsample': 0.9756950550582663, 'colsample_bytree': 0.6585055453556796, 'metric': 'auc', 'class_weight': 'balanced', 'reg_alpha': 0.42379364431409783, 'min_child_samples': 185, 'subsample_for_bin': 140000}",88,27,2.6253118850290775
0.0424045398871733,"{'num_leaves': 63, 'boosting_type': 'dart', 'verbose': 1, 'reg_lambda': 0.28231436270652005, 'learning_rate': 0.08973971633467173, 'subsample': 0.9544382583642558, 'colsample_bytree': 0.6176208136028316, 'metric': 'auc', 'class_weight': 'balanced', 'reg_alpha': 0.36265608790959825, 'min_child_samples': 105, 'subsample_for_bin': 40000}",89,100,4.972817991976626
0.054848439469661,"{'num_leaves': 36, 'boosting_type': 'goss', 'verbose': 1, 'reg_lambda': 0.6154147137041438, 'learning_rate': 0.09758479193298278, 'subsample': 1.0, 'colsample_bytree': 0.7084513313159535, 'metric': 'auc', 'class_weight': 'balanced', 'reg_alpha': 0.7902096168617783, 'min_child_samples': 135, 'subsample_for_bin': 200000}",90,9,1.6128064099466428
0.03945937972159874,"{'num_leaves': 44, 'boosting_type': 'dart', 'verbose': 1, 'reg_lambda': 0.462009259189048, 'learning_rate': 0.14281011317650438, 'subsample': 0.7190423768740293, 'colsample_bytree': 0.6326591392773998, 'metric': 'auc', 'class_weight': 'balanced', 'reg_alpha': 0.5409892220039756, 'min_child_samples': 50, 'subsample_for_bin': 180000}",91,166,8.064148654928431
0.04471866348391784,"{'num_leaves': 72, 'boosting_type': 'dart', 'verbose': 1, 'reg_lambda': 0.4637116968688707, 'learning_rate': 0.14274710097040666, 'subsample': 0.6483036744603193, 'colsample_bytree': 0.6344969574640411, 'metric': 'auc', 'class_weight': 'balanced', 'reg_alpha': 0.3907629221068353, 'min_child_samples': 120, 'subsample_for_bin': 100000}",92,147,6.223080255906098
0.08067560399214435,"{'num_leaves': 41, 'boosting_type': 'dart', 'verbose': 1, 'reg_lambda': 0.32726726271938816, 'learning_rate': 0.19539630577287662, 'subsample': 0.7067527750532534, 'colsample_bytree': 0.6532336868346401, 'metric': 'auc', 'class_weight': 'balanced', 'reg_alpha': 0.2235165888160764, 'min_child_samples': 340, 'subsample_for_bin': 120000}",93,476,17.161840444081463
0.08782468209763405,"{'num_leaves': 45, 'boosting_type': 'goss', 'verbose': 1, 'reg_lambda': 0.3675929979862296, 'learning_rate': 0.17865177337714383, 'subsample': 1.0, 'colsample_bytree': 0.6118969979398087, 'metric': 'auc', 'class_weight': 'balanced', 'reg_alpha': 0.5513134906551439, 'min_child_samples': 265, 'subsample_for_bin': 180000}",94,5,1.5943493070080876
0.040265050259417734,"{'num_leaves': 54, 'boosting_type': 'dart', 'verbose': 1, 'reg_lambda': 0.420380335190073, 'learning_rate': 0.160393408151767, 'subsample': 0.6691133234876916, 'colsample_bytree': 0.6302253432927958, 'metric': 'auc', 'class_weight': 'balanced', 'reg_alpha': 0.2915087875504776, 'min_child_samples': 50, 'subsample_for_bin': 160000}",95,171,8.982822258025408
0.050407528929338974,"{'num_leaves': 61, 'boosting_type': 'dart', 'verbose': 1, 'reg_lambda': 0.5814884256466328, 'learning_rate': 0.15097650228284976, 'subsample': 0.7562333047580482, 'colsample_bytree': 0.6016644289481552, 'metric': 'auc', 'class_weight': 'balanced', 'reg_alpha': 0.5021394037957205, 'min_child_samples': 220, 'subsample_for_bin': 80000}",96,215,7.570562353008427
0.04898538707053002,"{'num_leaves': 68, 'boosting_type': 'dart', 'verbose': 1, 'reg_lambda': 0.4985395148703773, 'learning_rate': 0.16994338186185085, 'subsample': 0.6190737205943337, 'colsample_bytree': 0.6420466437685566, 'metric': 'auc', 'class_weight': 'balanced', 'reg_alpha': 0.40902411461978017, 'min_child_samples': 205, 'subsample_for_bin': 180000}",97,18,2.5419477159157395
0.06830359936702646,"{'num_leaves': 83, 'boosting_type': 'dart', 'verbose': 1, 'reg_lambda': 0.6494662735367654, 'learning_rate': 0.1233525594792845, 'subsample': 0.8150698205345741, 'colsample_bytree': 0.6779203101533813, 'metric': 'auc', 'class_weight': 'balanced', 'reg_alpha': 0.34995902826993897, 'min_child_samples': 290, 'subsample_for_bin': 140000}",98,237,7.936347779002972
0.05047018557094274,"{'num_leaves': 52, 'boosting_type': 'goss', 'verbose': 1, 'reg_lambda': 0.5633516721165107, 'learning_rate': 0.05956051046999275, 'subsample': 1.0, 'colsample_bytree': 0.7677193292819715, 'metric': 'auc', 'class_weight': 'balanced', 'reg_alpha': 0.5229246406278665, 'min_child_samples': 170, 'subsample_for_bin': 120000}",99,16,1.830588344950229
0.046649694986574675,"{'num_leaves': 75, 'boosting_type': 'dart', 'verbose': 1, 'reg_lambda': 0.34881351501346336, 'learning_rate': 0.19048844207689655, 'subsample': 0.5013619744412505, 'colsample_bytree': 0.693196172182599, 'metric': 'auc', 'class_weight': 'balanced', 'reg_alpha': 0.6097248975235056, 'min_child_samples': 190, 'subsample_for_bin': 160000}",100,311,11.38715098099783
0.05454107921408757,"{'num_leaves': 87, 'boosting_type': 'dart', 'verbose': 1, 'reg_lambda': 0.18260639083128077, 'learning_rate': 0.09344447276364211, 'subsample': 0.7205252656557399, 'colsample_bytree': 0.7277866191618292, 'metric': 'auc', 'class_weight': 'balanced', 'reg_alpha': 0.6385384502300125, 'min_child_samples': 235, 'subsample_for_bin': 100000}",101,92,4.042907836963423
0.04200297116155427,"{'num_leaves': 65, 'boosting_type': 'dart', 'verbose': 1, 'reg_lambda': 0.3934432854469519, 'learning_rate': 0.10589518772367533, 'subsample': 0.7594607890652714, 'colsample_bytree': 0.6720775969756877, 'metric': 'auc', 'class_weight': 'balanced', 'reg_alpha': 0.459784093518233, 'min_child_samples': 70, 'subsample_for_bin': 140000}",102,145,6.849866848089732
0.043236435321359346,"{'num_leaves': 95, 'boosting_type': 'dart', 'verbose': 1, 'reg_lambda': 0.6963025519992236, 'learning_rate': 0.13858022498238692, 'subsample': 0.7950164825713916, 'colsample_bytree': 0.6238900687853222, 'metric': 'auc', 'class_weight': 'balanced', 'reg_alpha': 0.9641794814884687, 'min_child_samples': 100, 'subsample_for_bin': 80000}",103,108,5.436315322993323
0.04688016861416311,"{'num_leaves': 49, 'boosting_type': 'goss', 'verbose': 1, 'reg_lambda': 0.5201601534887694, 'learning_rate': 0.07540023273922931, 'subsample': 1.0, 'colsample_bytree': 0.7860571480657053, 'metric': 'auc', 'class_weight': 'balanced', 'reg_alpha': 0.5726035782704573, 'min_child_samples': 85, 'subsample_for_bin': 220000}",104,12,1.9978742490056902
0.10860407558730356,"{'num_leaves': 77, 'boosting_type': 'dart', 'verbose': 1, 'reg_lambda': 0.23076865083857517, 'learning_rate': 0.12115397440870619, 'subsample': 0.8583960723890521, 'colsample_bytree': 0.7107449637828016, 'metric': 'auc', 'class_weight': 'balanced', 'reg_alpha': 0.4838668185956858, 'min_child_samples': 370, 'subsample_for_bin': 60000}",105,99,4.252155910013244
0.045640408989179315,"{'num_leaves': 56, 'boosting_type': 'dart', 'verbose': 1, 'reg_lambda': 0.599105878304364, 'learning_rate': 0.08460079321103116, 'subsample': 0.5794768155321142, 'colsample_bytree': 0.6094274089211598, 'metric': 'auc', 'class_weight': 'balanced', 'reg_alpha': 0.6680649349460727, 'min_child_samples': 140, 'subsample_for_bin': 180000}",106,117,5.2754254109459
0.03987659398198229,"{'num_leaves': 45, 'boosting_type': 'dart', 'verbose': 1, 'reg_lambda': 0.44954642631614494, 'learning_rate': 0.04948597041914338, 'subsample': 0.8869166459906367, 'colsample_bytree': 0.6540116062962621, 'metric': 'auc', 'class_weight': 'balanced', 'reg_alpha': 0.18651075935231043, 'min_child_samples': 25, 'subsample_for_bin': 100000}",107,138,8.559604672947899
0.03958491651244633,"{'num_leaves': 31, 'boosting_type': 'dart', 'verbose': 1, 'reg_lambda': 0.9301317459883585, 'learning_rate': 0.06858312137729076, 'subsample': 0.8298511112017122, 'colsample_bytree': 0.6863762997975339, 'metric': 'auc', 'class_weight': 'balanced', 'reg_alpha': 0.723620658902334, 'min_child_samples': 60, 'subsample_for_bin': 200000}",108,197,10.461545969941653
0.044313816646253,"{'num_leaves': 101, 'boosting_type': 'goss', 'verbose': 1, 'reg_lambda': 0.4828121917343424, 'learning_rate': 0.04198258181149062, 'subsample': 1.0, 'colsample_bytree': 0.6349310422950991, 'metric': 'auc', 'class_weight': 'balanced', 'reg_alpha': 0.3072554576189349, 'min_child_samples': 115, 'subsample_for_bin': 160000}",109,23,1.9643641639268026
0.039827571306387255,"{'num_leaves': 81, 'boosting_type': 'dart', 'verbose': 1, 'reg_lambda': 0.3262039296092738, 'learning_rate': 0.13007497392071482, 'subsample': 0.6615123250674123, 'colsample_bytree': 0.6648371106562151, 'metric': 'auc', 'class_weight': 'balanced', 'reg_alpha': 0.27088186753033544, 'min_child_samples': 45, 'subsample_for_bin': 240000}",110,107,6.201479778974317
0.04560874540691806,"{'num_leaves': 42, 'boosting_type': 'gbdt', 'verbose': 1, 'reg_lambda': 0.28501916197940314, 'learning_rate': 0.10787741484362397, 'subsample': 0.9865933754126351, 'colsample_bytree': 0.7356208237504768, 'metric': 'auc', 'class_weight': 'balanced', 'reg_alpha': 0.7536088913140226, 'min_child_samples': 150, 'subsample_for_bin': 40000}",111,98,3.63633905001916
0.06427897180525632,"{'num_leaves': 39, 'boosting_type': 'dart', 'verbose': 1, 'reg_lambda': 0.6770591561920745, 'learning_rate': 0.15593326965815973, 'subsample': 0.9313023107145704, 'colsample_bytree': 0.7669818768300571, 'metric': 'auc', 'class_weight': 'balanced', 'reg_alpha': 0.5483471274886578, 'min_child_samples': 255, 'subsample_for_bin': 120000}",112,30,2.705290095997043
0.046586367822052166,"{'num_leaves': 47, 'boosting_type': 'dart', 'verbose': 1, 'reg_lambda': 0.5599708121158202, 'learning_rate': 0.19757143965623447, 'subsample': 0.607658137962733, 'colsample_bytree': 0.6152218725990446, 'metric': 'auc', 'class_weight': None, 'reg_alpha': 0.8360205131994214, 'min_child_samples': 20, 'subsample_for_bin': 200000}",113,130,8.271581528009847
0.04846666309054437,"{'num_leaves': 60, 'boosting_type': 'dart', 'verbose': 1, 'reg_lambda': 0.4244167967859509, 'learning_rate': 0.1716008756586772, 'subsample': 0.9992569956578705, 'colsample_bytree': 0.6409306321385992, 'metric': 'auc', 'class_weight': 'balanced', 'reg_alpha': 0.4335907965291551, 'min_child_samples': 170, 'subsample_for_bin': 140000}",114,174,10.250914940028451
0.08620641228517179,"{'num_leaves': 54, 'boosting_type': 'goss', 'verbose': 1, 'reg_lambda': 0.6375931001618195, 'learning_rate': 0.10149545874930906, 'subsample': 1.0, 'colsample_bytree': 0.7500077787317212, 'metric': 'auc', 'class_weight': 'balanced', 'reg_alpha': 0.34522702533620575, 'min_child_samples': 285, 'subsample_for_bin': 180000}",115,9,1.9385529570281506
0.04228600633569657,"{'num_leaves': 72, 'boosting_type': 'gbdt', 'verbose': 1, 'reg_lambda': 0.8390697530979911, 'learning_rate': 0.14444291502642337, 'subsample': 0.8500086628823783, 'colsample_bytree': 0.7185628915481173, 'metric': 'auc', 'class_weight': 'balanced', 'reg_alpha': 0.5745737630827269, 'min_child_samples': 90, 'subsample_for_bin': 220000}",116,22,2.723037851974368
0.04457055242148156,"{'num_leaves': 91, 'boosting_type': 'dart', 'verbose': 1, 'reg_lambda': 0.30502226635135765, 'learning_rate': 0.09414422238821979, 'subsample': 0.9604058275210602, 'colsample_bytree': 0.6031990841375515, 'metric': 'auc', 'class_weight': None, 'reg_alpha': 0.6090276180146843, 'min_child_samples': 125, 'subsample_for_bin': 60000}",117,117,6.592322228942066
0.08599553282731198,"{'num_leaves': 67, 'boosting_type': 'dart', 'verbose': 1, 'reg_lambda': 0.5238205293316183, 'learning_rate': 0.027456773451034342, 'subsample': 0.8961511351833278, 'colsample_bytree': 0.8056674213559266, 'metric': 'auc', 'class_weight': 'balanced', 'reg_alpha': 0.39459959898359753, 'min_child_samples': 325, 'subsample_for_bin': 140000}",118,323,11.904642650973983
0.5,"{'num_leaves': 33, 'boosting_type': 'dart', 'verbose': 1, 'reg_lambda': 0.13214954420205083, 'learning_rate': 0.034301852588321316, 'subsample': 0.7415391455399027, 'colsample_bytree': 0.649814982279554, 'metric': 'auc', 'class_weight': 'balanced', 'reg_alpha': 0.7771011155316633, 'min_child_samples': 465, 'subsample_for_bin': 20000}",119,1,1.430696145980619
0.5,"{'num_leaves': 30, 'boosting_type': 'dart', 'verbose': 1, 'reg_lambda': 0.788409211450149, 'learning_rate': 0.05482419177314586, 'subsample': 0.8073691589577473, 'colsample_bytree': 0.6925364503102461, 'metric': 'auc', 'class_weight': 'balanced', 'reg_alpha': 0.5152134188440158, 'min_child_samples': 435, 'subsample_for_bin': 160000}",120,1,1.48443494993262
0.5,"{'num_leaves': 70, 'boosting_type': 'gbdt', 'verbose': 1, 'reg_lambda': 0.37835216005509703, 'learning_rate': 0.07259242265960672, 'subsample': 0.5555195255636138, 'colsample_bytree': 0.6646964079759562, 'metric': 'auc', 'class_weight': None, 'reg_alpha': 0.6416341956007054, 'min_child_samples': 390, 'subsample_for_bin': 80000}",121,1,1.5667745959945023
0.04639247494479348,"{'num_leaves': 36, 'boosting_type': 'goss', 'verbose': 1, 'reg_lambda': 0.8943305208438839, 'learning_rate': 0.08763414256326481, 'subsample': 1.0, 'colsample_bytree': 0.6755906024890941, 'metric': 'auc', 'class_weight': 'balanced', 'reg_alpha': 0.8111109479649445, 'min_child_samples': 105, 'subsample_for_bin': 100000}",122,22,2.400066380039789
0.041764786520403385,"{'num_leaves': 44, 'boosting_type': 'dart', 'verbose': 1, 'reg_lambda': 0.9776555766708518, 'learning_rate': 0.11697140181890306, 'subsample': 0.7199092331513098, 'colsample_bytree': 0.6222408718223525, 'metric': 'auc', 'class_weight': 'balanced', 'reg_alpha': 0.7138973323926399, 'min_child_samples': 65, 'subsample_for_bin': 120000}",123,182,9.253375338041224
0.07549924156407672,"{'num_leaves': 61, 'boosting_type': 'dart', 'verbose': 1, 'reg_lambda': 0.08674117139782989, 'learning_rate': 0.16549021933495822, 'subsample': 0.5299196793554355, 'colsample_bytree': 0.7959009658652092, 'metric': 'auc', 'class_weight': 'balanced', 'reg_alpha': 0.1490101563174872, 'min_child_samples': 305, 'subsample_for_bin': 240000}",124,558,22.12028992199339
0.043073349247077175,"{'num_leaves': 51, 'boosting_type': 'dart', 'verbose': 1, 'reg_lambda': 0.48588360877986075, 'learning_rate': 0.1336319395837705, 'subsample': 0.8759497732779327, 'colsample_bytree': 0.7251530522203342, 'metric': 'auc', 'class_weight': 'balanced', 'reg_alpha': 0.5998124737535127, 'min_child_samples': 75, 'subsample_for_bin': 220000}",125,157,7.094759344938211
0.0487446320915248,"{'num_leaves': 85, 'boosting_type': 'gbdt', 'verbose': 1, 'reg_lambda': 0.6013363578834277, 'learning_rate': 0.01696109743242101, 'subsample': 0.7870910217647791, 'colsample_bytree': 0.6000818448529028, 'metric': 'auc', 'class_weight': None, 'reg_alpha': 0.4628317049408297, 'min_child_samples': 160, 'subsample_for_bin': 260000}",126,113,4.0280129899038
0.040821584281750645,"{'num_leaves': 38, 'boosting_type': 'dart', 'verbose': 1, 'reg_lambda': 0.7087847984733623, 'learning_rate': 0.0494789071831928, 'subsample': 0.8349861357538111, 'colsample_bytree': 0.7112892713165916, 'metric': 'auc', 'class_weight': 'balanced', 'reg_alpha': 0.8708239629643614, 'min_child_samples': 30, 'subsample_for_bin': 40000}",127,72,5.014194246963598
0.05184360276434252,"{'num_leaves': 48, 'boosting_type': 'goss', 'verbose': 1, 'reg_lambda': 0.20774000525768094, 'learning_rate': 0.1785920792494521, 'subsample': 1.0, 'colsample_bytree': 0.6309916703789484, 'metric': 'auc', 'class_weight': 'balanced', 'reg_alpha': 0.6721077815726519, 'min_child_samples': 200, 'subsample_for_bin': 160000}",128,5,1.7168471239274368
0.04122814467798508,"{'num_leaves': 57, 'boosting_type': 'dart', 'verbose': 1, 'reg_lambda': 0.26896763533176027, 'learning_rate': 0.07768915145848464, 'subsample': 0.7665223059226273, 'colsample_bytree': 0.7805909032720798, 'metric': 'auc', 'class_weight': 'balanced', 'reg_alpha': 0.9012010551097906, 'min_child_samples': 40, 'subsample_for_bin': 180000}",129,59,4.34299692499917
0.04330967132456587,"{'num_leaves': 63, 'boosting_type': 'dart', 'verbose': 1, 'reg_lambda': 0.4387754759082293, 'learning_rate': 0.08175824734601163, 'subsample': 0.9196435356196677, 'colsample_bytree': 0.7032646129507754, 'metric': 'auc', 'class_weight': 'balanced', 'reg_alpha': 0.25280097198856843, 'min_child_samples': 125, 'subsample_for_bin': 200000}",130,326,12.352732144063339
0.040049216382215924,"{'num_leaves': 40, 'boosting_type': 'dart', 'verbose': 1, 'reg_lambda': 0.4078143937291022, 'learning_rate': 0.062139230632887614, 'subsample': 0.9419375849399496, 'colsample_bytree': 0.757649855176502, 'metric': 'auc', 'class_weight': None, 'reg_alpha': 0.53470152703922, 'min_child_samples': 50, 'subsample_for_bin': 180000}",131,138,6.894531980040483
0.04398019424303923,"{'num_leaves': 78, 'boosting_type': 'gbdt', 'verbose': 1, 'reg_lambda': 0.4661586162781757, 'learning_rate': 0.011055740324079865, 'subsample': 0.9120247755337538, 'colsample_bytree': 0.745702193256242, 'metric': 'auc', 'class_weight': 'balanced', 'reg_alpha': 0.7448321544694256, 'min_child_samples': 95, 'subsample_for_bin': 140000}",132,233,6.806106099975295
0.054498761767677095,"{'num_leaves': 34, 'boosting_type': 'dart', 'verbose': 1, 'reg_lambda': 0.8133501675263973, 'learning_rate': 0.11012758378449546, 'subsample': 0.6771266109654974, 'colsample_bytree': 0.7352298585918117, 'metric': 'auc', 'class_weight': 'balanced', 'reg_alpha': 0.41780629940128167, 'min_child_samples': 225, 'subsample_for_bin': 120000}",133,109,4.908461295999587
0.05638948739267913,"{'num_leaves': 54, 'boosting_type': 'goss', 'verbose': 1, 'reg_lambda': 0.8685436020237753, 'learning_rate': 0.15266521857702223, 'subsample': 1.0, 'colsample_bytree': 0.6827233376032716, 'metric': 'auc', 'class_weight': 'balanced', 'reg_alpha': 0.5022323937530252, 'min_child_samples': 145, 'subsample_for_bin': 80000}",134,6,1.782515401020646
0.04335034971495322,"{'num_leaves': 30, 'boosting_type': 'dart', 'verbose': 1, 'reg_lambda': 0.75472510038467, 'learning_rate': 0.03842173189274893, 'subsample': 0.6418565486139857, 'colsample_bytree': 0.6602219090405572, 'metric': 'auc', 'class_weight': 'balanced', 'reg_alpha': 0.7002553789796702, 'min_child_samples': 80, 'subsample_for_bin': 160000}",135,55,3.7470510149141774
0.047598633921307476,"{'num_leaves': 107, 'boosting_type': 'dart', 'verbose': 1, 'reg_lambda': 0.6161192504977552, 'learning_rate': 0.06444606761543703, 'subsample': 0.786306018711469, 'colsample_bytree': 0.8439751449088244, 'metric': 'auc', 'class_weight': None, 'reg_alpha': 0.21569057949883308, 'min_child_samples': 180, 'subsample_for_bin': 60000}",136,27,2.623164988006465
0.043499280305400845,"{'num_leaves': 96, 'boosting_type': 'dart', 'verbose': 1, 'reg_lambda': 0.6513038676015598, 'learning_rate': 0.05709512545833704, 'subsample': 0.8218296995108153, 'colsample_bytree': 0.6431758256919207, 'metric': 'auc', 'class_weight': 'balanced', 'reg_alpha': 0.4403321656918517, 'min_child_samples': 110, 'subsample_for_bin': 100000}",137,40,3.1858962239930406
0.041654969766866556,"{'num_leaves': 104, 'boosting_type': 'gbdt', 'verbose': 1, 'reg_lambda': 0.34897658153105754, 'learning_rate': 0.04677474351053575, 'subsample': 0.9983645608962655, 'colsample_bytree': 0.6910004449832137, 'metric': 'auc', 'class_weight': 'balanced', 'reg_alpha': 0.33517139374404825, 'min_child_samples': 55, 'subsample_for_bin': 240000}",138,83,4.583744992036372
0.03941184709693368,"{'num_leaves': 128, 'boosting_type': 'dart', 'verbose': 1, 'reg_lambda': 0.5680597262583946, 'learning_rate': 0.12556558342696741, 'subsample': 0.6942886257049625, 'colsample_bytree': 0.6125216545003742, 'metric': 'auc', 'class_weight': 'balanced', 'reg_alpha': 0.5852647776344283, 'min_child_samples': 30, 'subsample_for_bin': 220000}",139,66,4.969849333050661
0.5,"{'num_leaves': 130, 'boosting_type': 'dart', 'verbose': 1, 'reg_lambda': 0.9480235501338506, 'learning_rate': 0.12305085855750936, 'subsample': 0.592707003187412, 'colsample_bytree': 0.8295477904210815, 'metric': 'auc', 'class_weight': 'balanced', 'reg_alpha': 0.565410251153949, 'min_child_samples': 415, 'subsample_for_bin': 260000}",140,1,1.6325485580600798
0.04831743448991088,"{'num_leaves': 142, 'boosting_type': 'goss', 'verbose': 1, 'reg_lambda': 0.6833556251057389, 'learning_rate': 0.1844653415677183, 'subsample': 1.0, 'colsample_bytree': 0.6155824681633945, 'metric': 'auc', 'class_weight': None, 'reg_alpha': 0.9606083202693538, 'min_child_samples': 30, 'subsample_for_bin': 260000}",141,5,2.3587993340333924
0.04139212478282506,"{'num_leaves': 122, 'boosting_type': 'dart', 'verbose': 1, 'reg_lambda': 0.841192251027829, 'learning_rate': 0.043136785954835596, 'subsample': 0.5515257826365974, 'colsample_bytree': 0.608244060350227, 'metric': 'auc', 'class_weight': 'balanced', 'reg_alpha': 0.8584529287705789, 'min_child_samples': 65, 'subsample_for_bin': 280000}",142,287,12.577037794981152
0.06428485750642943,"{'num_leaves': 112, 'boosting_type': 'dart', 'verbose': 1, 'reg_lambda': 0.7247790686897247, 'learning_rate': 0.19862955305114377, 'subsample': 0.907956592634594, 'colsample_bytree': 0.6716496039116138, 'metric': 'auc', 'class_weight': 'balanced', 'reg_alpha': 0.591991247417871, 'min_child_samples': 255, 'subsample_for_bin': 220000}",143,20,2.4313800220843405
0.04030103498937587,"{'num_leaves': 134, 'boosting_type': 'dart', 'verbose': 1, 'reg_lambda': 0.9114235833434419, 'learning_rate': 0.10362666964704918, 'subsample': 0.6941549495679543, 'colsample_bytree': 0.6263354355137692, 'metric': 'auc', 'class_weight': 'balanced', 'reg_alpha': 0.3711559272717231, 'min_child_samples': 40, 'subsample_for_bin': 200000}",144,74,5.111012496985495
0.049614747332063835,"{'num_leaves': 128, 'boosting_type': 'gbdt', 'verbose': 1, 'reg_lambda': 0.7673507482912875, 'learning_rate': 0.09673368490932045, 'subsample': 0.8610762797036994, 'colsample_bytree': 0.6550901063428307, 'metric': 'auc', 'class_weight': 'balanced', 'reg_alpha': 0.6219638008265991, 'min_child_samples': 210, 'subsample_for_bin': 300000}",145,24,2.1511056559393182
0.04219496422387725,"{'num_leaves': 140, 'boosting_type': 'dart', 'verbose': 1, 'reg_lambda': 0.5063487161781324, 'learning_rate': 0.13395703209756582, 'subsample': 0.7323876035306992, 'colsample_bytree': 0.6359239392281724, 'metric': 'auc', 'class_weight': 'balanced', 'reg_alpha': 0.653539717569607, 'min_child_samples': 75, 'subsample_for_bin': 220000}",146,129,6.209505376056768
0.04155483834437457,"{'num_leaves': 149, 'boosting_type': 'dart', 'verbose': 1, 'reg_lambda': 0.561227495006727, 'learning_rate': 0.1437560726340724, 'subsample': 0.6562218569293975, 'colsample_bytree': 0.646137008396968, 'metric': 'auc', 'class_weight': 'balanced', 'reg_alpha': 0.48444150899098704, 'min_child_samples': 90, 'subsample_for_bin': 240000}",147,21,2.963790823938325
0.043425448281822154,"{'num_leaves': 117, 'boosting_type': 'dart', 'verbose': 1, 'reg_lambda': 0.5402787607812298, 'learning_rate': 0.16174964156728153, 'subsample': 0.6357442673057406, 'colsample_bytree': 0.6232614583604121, 'metric': 'auc', 'class_weight': 'balanced', 'reg_alpha': 0.5338609775497284, 'min_child_samples': 25, 'subsample_for_bin': 200000}",148,66,5.097846003016457
0.040437225644372576,"{'num_leaves': 135, 'boosting_type': 'dart', 'verbose': 1, 'reg_lambda': 0.5865230688368666, 'learning_rate': 0.0885998922179504, 'subsample': 0.7501416812034086, 'colsample_bytree': 0.6020754144869014, 'metric': 'auc', 'class_weight': 'balanced', 'reg_alpha': 0.6804952083500445, 'min_child_samples': 55, 'subsample_for_bin': 180000}",149,202,9.300913417013362
0.043830891139859274,"{'num_leaves': 120, 'boosting_type': 'dart', 'verbose': 1, 'reg_lambda': 0.7925328904319366, 'learning_rate': 0.11282111445972447, 'subsample': 0.7142354939014325, 'colsample_bytree': 0.6973266338374191, 'metric': 'auc', 'class_weight': 'balanced', 'reg_alpha': 0.5811140298504666, 'min_child_samples': 130, 'subsample_for_bin': 200000}",150,239,9.273410783032887
0.04366244088222937,"{'num_leaves': 146, 'boosting_type': 'dart', 'verbose': 1, 'reg_lambda': 0.36297303366905376, 'learning_rate': 0.12389421374044861, 'subsample': 0.8482311324299935, 'colsample_bytree': 0.6837807019084332, 'metric': 'auc', 'class_weight': 'balanced', 'reg_alpha': 0.5487102670698951, 'min_child_samples': 115, 'subsample_for_bin': 180000}",151,98,4.876739738043398
0.04315478053039856,"{'num_leaves': 126, 'boosting_type': 'dart', 'verbose': 1, 'reg_lambda': 0.4503176626007512, 'learning_rate': 0.1398126229109089, 'subsample': 0.680134940861913, 'colsample_bytree': 0.6530834806451284, 'metric': 'auc', 'class_weight': 'balanced', 'reg_alpha': 0.4674898665836261, 'min_child_samples': 100, 'subsample_for_bin': 220000}",152,162,7.232114673010074
0.04119119141492256,"{'num_leaves': 109, 'boosting_type': 'dart', 'verbose': 1, 'reg_lambda': 0.6300579624130038, 'learning_rate': 0.1517872962616616, 'subsample': 0.8611072678177023, 'colsample_bytree': 0.6645083163899403, 'metric': 'auc', 'class_weight': 'balanced', 'reg_alpha': 0.5034356085407974, 'min_child_samples': 35, 'subsample_for_bin': 160000}",153,92,8.089403663063422
0.0428666791830945,"{'num_leaves': 90, 'boosting_type': 'dart', 'verbose': 1, 'reg_lambda': 0.9938626213100485, 'learning_rate': 0.18790032326531417, 'subsample': 0.795516983160898, 'colsample_bytree': 0.6117831428062602, 'metric': 'auc', 'class_weight': 'balanced', 'reg_alpha': 0.6373226014166717, 'min_child_samples': 65, 'subsample_for_bin': 200000}",154,111,6.5110676609911025
0.040345364004541695,"{'num_leaves': 42, 'boosting_type': 'dart', 'verbose': 1, 'reg_lambda': 0.2404200676142167, 'learning_rate': 0.023342712620848863, 'subsample': 0.7676829679567988, 'colsample_bytree': 0.6358722152934386, 'metric': 'auc', 'class_weight': 'balanced', 'reg_alpha': 0.44864637042375355, 'min_child_samples': 20, 'subsample_for_bin': 240000}",155,210,16.568292291020043
0.04276401467402147,"{'num_leaves': 45, 'boosting_type': 'dart', 'verbose': 1, 'reg_lambda': 0.6582722724355847, 'learning_rate': 0.17435992924483415, 'subsample': 0.7028453970621928, 'colsample_bytree': 0.6760783446705951, 'metric': 'auc', 'class_weight': 'balanced', 'reg_alpha': 0.7844420952325533, 'min_child_samples': 20, 'subsample_for_bin': 160000}",156,39,5.626801360049285
0.04262842003939704,"{'num_leaves': 98, 'boosting_type': 'dart', 'verbose': 1, 'reg_lambda': 0.39505172916713066, 'learning_rate': 0.12989643143674318, 'subsample': 0.9784250310244629, 'colsample_bytree': 0.7089498517683308, 'metric': 'auc', 'class_weight': 'balanced', 'reg_alpha': 0.7391876699248167, 'min_child_samples': 85, 'subsample_for_bin': 180000}",157,71,5.076584013993852
0.04247360374777609,"{'num_leaves': 50, 'boosting_type': 'dart', 'verbose': 1, 'reg_lambda': 0.4260445861519192, 'learning_rate': 0.09888271669988188, 'subsample': 0.599738935981176, 'colsample_bytree': 0.6425076469172909, 'metric': 'auc', 'class_weight': 'balanced', 'reg_alpha': 0.7069142613094203, 'min_child_samples': 75, 'subsample_for_bin': 140000}",158,57,3.768347257981077
0.039609278845150975,"{'num_leaves': 114, 'boosting_type': 'dart', 'verbose': 1, 'reg_lambda': 0.48950511705739164, 'learning_rate': 0.020147164513548824, 'subsample': 0.7837478905679521, 'colsample_bytree': 0.6293907966222397, 'metric': 'auc', 'class_weight': 'balanced', 'reg_alpha': 0.6149150698011265, 'min_child_samples': 45, 'subsample_for_bin': 220000}",159,438,23.002729987027124
0.04513170560169755,"{'num_leaves': 59, 'boosting_type': 'dart', 'verbose': 1, 'reg_lambda': 0.4662116231595444, 'learning_rate': 0.11690392288197737, 'subsample': 0.6291177223419722, 'colsample_bytree': 0.6195305763303385, 'metric': 'auc', 'class_weight': 'balanced', 'reg_alpha': 0.39720149490801293, 'min_child_samples': 140, 'subsample_for_bin': 20000}",160,86,4.200629189959727
0.04738429009503553,"{'num_leaves': 75, 'boosting_type': 'goss', 'verbose': 1, 'reg_lambda': 0.5491584863349315, 'learning_rate': 0.19979934667542545, 'subsample': 1.0, 'colsample_bytree': 0.7166804085622841, 'metric': 'auc', 'class_weight': 'balanced', 'reg_alpha': 0.7639801026910162, 'min_child_samples': 55, 'subsample_for_bin': 240000}",161,5,2.116280111949891
0.043032000333771414,"{'num_leaves': 36, 'boosting_type': 'dart', 'verbose': 1, 'reg_lambda': 0.5709197641445698, 'learning_rate': 0.16456091256706046, 'subsample': 0.6893024128843329, 'colsample_bytree': 0.6005062190727024, 'metric': 'auc', 'class_weight': 'balanced', 'reg_alpha': 0.49041468574796926, 'min_child_samples': 155, 'subsample_for_bin': 280000}",162,312,13.19011003000196
0.04415616925786503,"{'num_leaves': 66, 'boosting_type': 'dart', 'verbose': 1, 'reg_lambda': 0.5247663991380631, 'learning_rate': 0.07298526780962628, 'subsample': 0.7281277607420708, 'colsample_bytree': 0.6680407299192296, 'metric': 'auc', 'class_weight': None, 'reg_alpha': 0.5269528497400922, 'min_child_samples': 100, 'subsample_for_bin': 140000}",163,218,10.207955018966459
0.04933234542956677,"{'num_leaves': 123, 'boosting_type': 'dart', 'verbose': 1, 'reg_lambda': 0.32689808081850674, 'learning_rate': 0.014194980200406576, 'subsample': 0.9893228371072891, 'colsample_bytree': 0.6584243415128714, 'metric': 'auc', 'class_weight': 'balanced', 'reg_alpha': 0.8183544568114602, 'min_child_samples': 120, 'subsample_for_bin': 220000}",164,88,5.495707720052451
0.042477626885287,"{'num_leaves': 52, 'boosting_type': 'gbdt', 'verbose': 1, 'reg_lambda': 0.1801318001163446, 'learning_rate': 0.09174558310629641, 'subsample': 0.51215497125038, 'colsample_bytree': 0.699449587952514, 'metric': 'auc', 'class_weight': 'balanced', 'reg_alpha': 0.5930568023830113, 'min_child_samples': 35, 'subsample_for_bin': 180000}",165,46,5.513095273054205
0.03913715620799907,"{'num_leaves': 69, 'boosting_type': 'dart', 'verbose': 1, 'reg_lambda': 0.3760584574167059, 'learning_rate': 0.10637480515844364, 'subsample': 0.7428549515999701, 'colsample_bytree': 0.6485131925988317, 'metric': 'auc', 'class_weight': 'balanced', 'reg_alpha': 0.30765139345533, 'min_child_samples': 45, 'subsample_for_bin': 200000}",166,144,11.139865431934595
0.04635012024711005,"{'num_leaves': 72, 'boosting_type': 'dart', 'verbose': 1, 'reg_lambda': 0.27108175959697733, 'learning_rate': 0.06611110905666798, 'subsample': 0.8762139022064922, 'colsample_bytree': 0.7640114646956746, 'metric': 'auc', 'class_weight': 'balanced', 'reg_alpha': 0.1267001637979099, 'min_child_samples': 190, 'subsample_for_bin': 280000}",167,67,4.372065423056483
0.045449943229059486,"{'num_leaves': 88, 'boosting_type': 'goss', 'verbose': 1, 'reg_lambda': 0.37778812881872126, 'learning_rate': 0.08023870763028917, 'subsample': 1.0, 'colsample_bytree': 0.7317426607309323, 'metric': 'auc', 'class_weight': None, 'reg_alpha': 0.3140062619769745, 'min_child_samples': 65, 'subsample_for_bin': 260000}",168,12,2.153267644927837
0.04107377540164325,"{'num_leaves': 80, 'boosting_type': 'dart', 'verbose': 1, 'reg_lambda': 0.41407180676308664, 'learning_rate': 0.08367930002179474, 'subsample': 0.7445856282744205, 'colsample_bytree': 0.6890608858778234, 'metric': 'auc', 'class_weight': 'balanced', 'reg_alpha': 0.28691033741169236, 'min_child_samples': 85, 'subsample_for_bin': 200000}",169,73,5.0504592229845
0.05004228019513712,"{'num_leaves': 85, 'boosting_type': 'dart', 'verbose': 1, 'reg_lambda': 0.30262607225662597, 'learning_rate': 0.10726515949606025, 'subsample': 0.8055383204799106, 'colsample_bytree': 0.6797366101873933, 'metric': 'auc', 'class_weight': 'balanced', 'reg_alpha': 0.18615670058592165, 'min_child_samples': 170, 'subsample_for_bin': 200000}",170,15,2.4615698190173134
0.044298469121674566,"{'num_leaves': 68, 'boosting_type': 'dart', 'verbose': 1, 'reg_lambda': 0.6995072102762514, 'learning_rate': 0.05267503429502087, 'subsample': 0.824845211370982, 'colsample_bytree': 0.6004546654346495, 'metric': 'auc', 'class_weight': 'balanced', 'reg_alpha': 0.025849208132599943, 'min_child_samples': 130, 'subsample_for_bin': 220000}",171,487,30.207254211069085
0.04116325295998613,"{'num_leaves': 63, 'boosting_type': 'gbdt', 'verbose': 1, 'reg_lambda': 0.7416470183804887, 'learning_rate': 0.02995963666772207, 'subsample': 0.707858947862792, 'colsample_bytree': 0.776546784801987, 'metric': 'auc', 'class_weight': 'balanced', 'reg_alpha': 0.3614330715761425, 'min_child_samples': 25, 'subsample_for_bin': 240000}",172,61,5.670062043005601
0.038755181652108894,"{'num_leaves': 94, 'boosting_type': 'dart', 'verbose': 1, 'reg_lambda': 0.06357374488408174, 'learning_rate': 0.06929717378894157, 'subsample': 0.8422010000169247, 'colsample_bytree': 0.6517847473975649, 'metric': 'auc', 'class_weight': 'balanced', 'reg_alpha': 0.056507082323425994, 'min_child_samples': 40, 'subsample_for_bin': 160000}",173,91,7.697441825992428
0.04452901725180958,"{'num_leaves': 96, 'boosting_type': 'goss', 'verbose': 1, 'reg_lambda': 0.11648170945577359, 'learning_rate': 0.06911832859527384, 'subsample': 1.0, 'colsample_bytree': 0.7880853070540969, 'metric': 'auc', 'class_weight': None, 'reg_alpha': 0.08897006085868114, 'min_child_samples': 110, 'subsample_for_bin': 120000}",174,14,2.2583034040872008
0.04009965460619436,"{'num_leaves': 93, 'boosting_type': 'dart', 'verbose': 1, 'reg_lambda': 0.022228281545914136, 'learning_rate': 0.05756686280369349, 'subsample': 0.8885438481099911, 'colsample_bytree': 0.7392199692585417, 'metric': 'auc', 'class_weight': 'balanced', 'reg_alpha': 0.0010691786818953775, 'min_child_samples': 45, 'subsample_for_bin': 160000}",175,66,5.7141136600403115
0.04201064492384354,"{'num_leaves': 104, 'boosting_type': 'dart', 'verbose': 1, 'reg_lambda': 0.1410334312525861, 'learning_rate': 0.06176614665263951, 'subsample': 0.9289116477516053, 'colsample_bytree': 0.7037749497848019, 'metric': 'auc', 'class_weight': 'balanced', 'reg_alpha': 0.06071314514803138, 'min_child_samples': 95, 'subsample_for_bin': 140000}",176,141,9.244356542010792
0.041203484335094465,"{'num_leaves': 83, 'boosting_type': 'dart', 'verbose': 1, 'reg_lambda': 0.06242518173409739, 'learning_rate': 0.07615637213244422, 'subsample': 0.8431117635596482, 'colsample_bytree': 0.7243165390760218, 'metric': 'auc', 'class_weight': 'balanced', 'reg_alpha': 0.23884961272669356, 'min_child_samples': 70, 'subsample_for_bin': 120000}",177,95,6.506663591018878
0.09145019951781941,"{'num_leaves': 101, 'boosting_type': 'dart', 'verbose': 1, 'reg_lambda': 0.16030726726400524, 'learning_rate': 0.03597907396378581, 'subsample': 0.9083951278845608, 'colsample_bytree': 0.6484067976117673, 'metric': 'auc', 'class_weight': 'balanced', 'reg_alpha': 0.05877956420114372, 'min_child_samples': 335, 'subsample_for_bin': 100000}",178,513,24.192008282989264
0.04093810626447214,"{'num_leaves': 79, 'boosting_type': 'gbdt', 'verbose': 1, 'reg_lambda': 0.07605084411594598, 'learning_rate': 0.04485658594985879, 'subsample': 0.6471450894179395, 'colsample_bytree': 0.7153535062249516, 'metric': 'auc', 'class_weight': 'balanced', 'reg_alpha': 0.10603862627198807, 'min_child_samples': 60, 'subsample_for_bin': 160000}",179,128,5.664974755956791
0.06888963639777201,"{'num_leaves': 70, 'boosting_type': 'dart', 'verbose': 1, 'reg_lambda': 0.10210922497261223, 'learning_rate': 0.09415807540053223, 'subsample': 0.8542638756465943, 'colsample_bytree': 0.7486617863132154, 'metric': 'auc', 'class_weight': None, 'reg_alpha': 0.19939835848642173, 'min_child_samples': 280, 'subsample_for_bin': 160000}",180,201,6.84918285603635
0.04727961401720715,"{'num_leaves': 74, 'boosting_type': 'goss', 'verbose': 1, 'reg_lambda': 0.21536790657711324, 'learning_rate': 0.08827867610427488, 'subsample': 1.0, 'colsample_bytree': 0.6673034367768845, 'metric': 'auc', 'class_weight': 'balanced', 'reg_alpha': 0.01941116292462839, 'min_child_samples': 80, 'subsample_for_bin': 80000}",181,11,1.9640555310761556
0.09706068828432568,"{'num_leaves': 94, 'boosting_type': 'dart', 'verbose': 1, 'reg_lambda': 0.03973855360320022, 'learning_rate': 0.10277696887747614, 'subsample': 0.8686616426579327, 'colsample_bytree': 0.6592615386077483, 'metric': 'auc', 'class_weight': 'balanced', 'reg_alpha': 0.26873263727383545, 'min_child_samples': 360, 'subsample_for_bin': 140000}",182,575,34.78217660798691
0.048892705902687794,"{'num_leaves': 56, 'boosting_type': 'dart', 'verbose': 1, 'reg_lambda': 0.2586283571449804, 'learning_rate': 0.07069017142466924, 'subsample': 0.9408865968699005, 'colsample_bytree': 0.8152213926409579, 'metric': 'auc', 'class_weight': 'balanced', 'reg_alpha': 0.15230354592840092, 'min_child_samples': 160, 'subsample_for_bin': 140000}",183,32,2.1429530839668587
0.04568593004508903,"{'num_leaves': 91, 'boosting_type': 'dart', 'verbose': 1, 'reg_lambda': 0.9644756421165438, 'learning_rate': 0.07815231256145061, 'subsample': 0.8174834981973887, 'colsample_bytree': 0.6929182889497412, 'metric': 'auc', 'class_weight': 'balanced', 'reg_alpha': 0.16619735382506517, 'min_child_samples': 150, 'subsample_for_bin': 120000}",184,129,7.115656474954449
0.06930565861741156,"{'num_leaves': 77, 'boosting_type': 'dart', 'verbose': 1, 'reg_lambda': 0.19119490877528375, 'learning_rate': 0.11104915517316624, 'subsample': 0.8953748659697472, 'colsample_bytree': 0.6773310703069548, 'metric': 'auc', 'class_weight': 'balanced', 'reg_alpha': 0.12404294879271101, 'min_child_samples': 270, 'subsample_for_bin': 180000}",185,244,11.016569536994211
0.04443931618582719,"{'num_leaves': 88, 'boosting_type': 'dart', 'verbose': 1, 'reg_lambda': 0.22707899992643443, 'learning_rate': 0.054278950804352376, 'subsample': 0.9667092614779134, 'colsample_bytree': 0.7588504646967845, 'metric': 'auc', 'class_weight': None, 'reg_alpha': 0.2966176407443137, 'min_child_samples': 105, 'subsample_for_bin': 100000}",186,35,4.114506504964083
0.5,"{'num_leaves': 61, 'boosting_type': 'gbdt', 'verbose': 1, 'reg_lambda': 0.5002670239553041, 'learning_rate': 0.05855833257408901, 'subsample': 0.5376066193430427, 'colsample_bytree': 0.8566555086368797, 'metric': 'auc', 'class_weight': 'balanced', 'reg_alpha': 0.3252265791625728, 'min_child_samples': 475, 'subsample_for_bin': 160000}",187,1,1.6445975149981678
0.04592940436704129,"{'num_leaves': 64, 'boosting_type': 'goss', 'verbose': 1, 'reg_lambda': 0.3434019141148392, 'learning_rate': 0.05044979704703906, 'subsample': 1.0, 'colsample_bytree': 0.6419443240085808, 'metric': 'auc', 'class_weight': 'balanced', 'reg_alpha': 0.23206891337173913, 'min_child_samples': 20, 'subsample_for_bin': 180000}",188,19,3.139072013902478
0.5,"{'num_leaves': 70, 'boosting_type': 'dart', 'verbose': 1, 'reg_lambda': 0.000831166004015102, 'learning_rate': 0.11773274527144846, 'subsample': 0.8363621604109248, 'colsample_bytree': 0.7243740379936061, 'metric': 'auc', 'class_weight': 'balanced', 'reg_alpha': 0.2573573429876751, 'min_child_samples': 450, 'subsample_for_bin': 120000}",189,1,1.6772520809900016
0.5,"{'num_leaves': 98, 'boosting_type': 'dart', 'verbose': 1, 'reg_lambda': 0.31620680356120423, 'learning_rate': 0.06545983917813197, 'subsample': 0.9483822388879627, 'colsample_bytree': 0.801956556064967, 'metric': 'auc', 'class_weight': 'balanced', 'reg_alpha': 0.4213157087171215, 'min_child_samples': 500, 'subsample_for_bin': 180000}",190,1,1.3959841179894283
0.04570865332177054,"{'num_leaves': 48, 'boosting_type': 'dart', 'verbose': 1, 'reg_lambda': 0.8679291944565305, 'learning_rate': 0.04718755816103955, 'subsample': 0.8125931900184378, 'colsample_bytree': 0.649449836675386, 'metric': 'auc', 'class_weight': 'balanced', 'reg_alpha': 0.2052155394703512, 'min_child_samples': 135, 'subsample_for_bin': 200000}",191,205,8.77266774699092
0.041299220107343215,"{'num_leaves': 58, 'boosting_type': 'dart', 'verbose': 1, 'reg_lambda': 0.28837327948759783, 'learning_rate': 0.09737400909345469, 'subsample': 0.7748758241727781, 'colsample_bytree': 0.6255652808114175, 'metric': 'auc', 'class_weight': None, 'reg_alpha': 0.05155252175760776, 'min_child_samples': 40, 'subsample_for_bin': 40000}",192,97,7.550429426017217
0.044551666025944625,"{'num_leaves': 85, 'boosting_type': 'gbdt', 'verbose': 1, 'reg_lambda': 0.16728265866408415, 'learning_rate': 0.08620497143836536, 'subsample': 0.6132543608270973, 'colsample_bytree': 0.7052448913417759, 'metric': 'auc', 'class_weight': 'balanced', 'reg_alpha': 0.3502790258324046, 'min_child_samples': 115, 'subsample_for_bin': 140000}",193,21,2.384645836078562
0.07426689494246919,"{'num_leaves': 66, 'boosting_type': 'dart', 'verbose': 1, 'reg_lambda': 0.6111222083868278, 'learning_rate': 0.032453977863292544, 'subsample': 0.7928918207976179, 'colsample_bytree': 0.6722054027400585, 'metric': 'auc', 'class_weight': 'balanced', 'reg_alpha': 0.38355047353447874, 'min_child_samples': 300, 'subsample_for_bin': 60000}",194,290,11.803165348945186
0.05111783620764143,"{'num_leaves': 82, 'boosting_type': 'goss', 'verbose': 1, 'reg_lambda': 0.6769223936245197, 'learning_rate': 0.10350323935410377, 'subsample': 1.0, 'colsample_bytree': 0.682760321431738, 'metric': 'auc', 'class_weight': 'balanced', 'reg_alpha': 0.6605200835885218, 'min_child_samples': 175, 'subsample_for_bin': 80000}",195,8,1.7681342570576817
0.0388866041441297,"{'num_leaves': 53, 'boosting_type': 'dart', 'verbose': 1, 'reg_lambda': 0.13695089081031298, 'learning_rate': 0.15549718525236664, 'subsample': 0.8701742032648044, 'colsample_bytree': 0.6085465624413476, 'metric': 'auc', 'class_weight': 'balanced', 'reg_alpha': 0.10161502764968676, 'min_child_samples': 50, 'subsample_for_bin': 160000}",196,118,8.02758716896642
0.04432707809952929,"{'num_leaves': 106, 'boosting_type': 'dart', 'verbose': 1, 'reg_lambda': 0.0063039915618450515, 'learning_rate': 0.14904104423623843, 'subsample': 0.9197028034979495, 'colsample_bytree': 0.6072743272169073, 'metric': 'auc', 'class_weight': 'balanced', 'reg_alpha': 0.033537449559053176, 'min_child_samples': 75, 'subsample_for_bin': 160000}",197,145,7.541822743951343
0.05462858245494817,"{'num_leaves': 32, 'boosting_type': 'dart', 'verbose': 1, 'reg_lambda': 0.10200714379641684, 'learning_rate': 0.13491222570684933, 'subsample': 0.8858035469327845, 'colsample_bytree': 0.6001817369759808, 'metric': 'auc', 'class_weight': None, 'reg_alpha': 0.06835785859135773, 'min_child_samples': 235, 'subsample_for_bin': 100000}",198,31,2.637950752978213
0.04321974675094398,"{'num_leaves': 111, 'boosting_type': 'dart', 'verbose': 1, 'reg_lambda': 0.038514692089790706, 'learning_rate': 0.15797864591672584, 'subsample': 0.8672758758079059, 'colsample_bytree': 0.6356819105576166, 'metric': 'auc', 'class_weight': 'balanced', 'reg_alpha': 0.1699921066654841, 'min_child_samples': 90, 'subsample_for_bin': 140000}",199,19,2.966301127918996
0.04844230075783995,"{'num_leaves': 40, 'boosting_type': 'gbdt', 'verbose': 1, 'reg_lambda': 0.061712902089838456, 'learning_rate': 0.038909616122978524, 'subsample': 0.7874543851464793, 'colsample_bytree': 0.9981689581628616, 'metric': 'auc', 'class_weight': 'balanced', 'reg_alpha': 0.13431930780679902, 'min_child_samples': 200, 'subsample_for_bin': 120000}",200,166,4.410606113029644
